[
  {
    "InputValues": [
      {
        "Param": "GA",
        "ParamTypeName": "IGingerAction"
      },
      {
        "Param": "port",
        "ParamTypeName": "Int32"
      }
    ],
    "ActionId": "StartPACTServer",
    "PluginId": "PACT",
    "ServiceId": "PACT",
    "Description": "Start PACT Server"
  },
  {
    "InputValues": [
      {
        "Param": "GA",
        "ParamTypeName": "IGingerAction"
      }
    ],
    "ActionId": "StopPACTServer",
    "PluginId": "PACT",
    "ServiceId": "PACT",
    "Description": "Stop PACT Server"
  },
  {
    "InputValues": [
      {
        "Param": "GA",
        "ParamTypeName": "IGingerAction"
      },
      {
        "Param": "fileName",
        "ParamTypeName": "String"
      }
    ],
    "ActionId": "LoadInteractionsFile",
    "PluginId": "PACT",
    "ServiceId": "PACT",
    "Description": "Load Interactions File"
  },
  {
    "InputValues": [
      {
        "Param": "GA",
        "ParamTypeName": "IGingerAction"
      }
    ],
    "ActionId": "ClearInteractions",
    "PluginId": "PACT",
    "ServiceId": "PACT",
    "Description": "Clear Interactions"
  }
]